<?xml version="1.0" encoding="UTF-8"?>
<project-private xmlns="http://www.netbeans.org/ns/project-private/1">
    <editor-bookmarks xmlns="http://www.netbeans.org/ns/editor-bookmarks/2" lastBookmarkId="0"/>
    <open-files xmlns="http://www.netbeans.org/ns/projectui-open-files/2">
        <group>
            <file>file:/E:/SPRING%202023/PRO192%20PE/a1b56a6c/PE%20PRO/PE_PRO192_SP23_600000/PaperNo_1/4/src/TaskList.java</file>
        </group>
        <group name="PE">
            <file>file:/E:/SPRING%202023/PRO192%20PE/a1b56a6c/PE%20PRO/PE_PRO192_SP23_600000/PaperNo_1/4/src/TaskList.java</file>
        </group>
        <group name="Group 20230621-10:53:33">
            <file>file:/E:/SPRING%202023/PRO192%20PE/a1b56a6c/PE%20PRO/PE_PRO192_SP23_600000/PaperNo_1/4/src/TaskList.java</file>
        </group>
        <group name="Group 20230621-10:54:02"/>
    </open-files>
</project-private>
